EmpNumber,EmpDepartment,EmpJobRole,Actual_Rating,Predicted_Rating,Performance_Label,Correct_Prediction
E1001000,Sales,Sales Executive,3,3,Good Performer,True
E1001006,Sales,Sales Executive,3,3,Good Performer,True
E1001007,Sales,Sales Executive,4,4,Excellent Performer,True
E1001009,Human Resources,Manager,3,3,Good Performer,True
E1001010,Sales,Sales Executive,3,3,Good Performer,True
E1001011,Development,Developer,4,4,Excellent Performer,True
E1001016,Sales,Sales Representative,3,3,Good Performer,True
E1001019,Development,Developer,3,3,Good Performer,True
E1001020,Development,Developer,3,3,Good Performer,True
E1001021,Development,Developer,3,3,Good Performer,True
E1001022,Development,Developer,3,3,Good Performer,True
E1001024,Sales,Sales Executive,3,3,Good Performer,True
E1001025,Sales,Sales Executive,4,4,Excellent Performer,True
E1001027,Sales,Sales Representative,3,3,Good Performer,True
E1001030,Development,Developer,3,3,Good Performer,True
E1001035,Development,Developer,3,3,Good Performer,True
E1001038,Human Resources,Human Resources,3,3,Good Performer,True
E1001040,Development,Developer,3,3,Good Performer,True
E1001041,Development,Developer,4,4,Excellent Performer,True
E1001042,Development,Developer,3,3,Good Performer,True
E1001044,Sales,Sales Representative,3,3,Good Performer,True
E1001047,Development,Developer,3,3,Good Performer,True
E1001049,Development,Senior Developer,3,3,Good Performer,True
E1001050,Development,Developer,3,3,Good Performer,True
E1001053,Development,Developer,3,3,Good Performer,True
E1001054,Sales,Manager,4,4,Excellent Performer,True
E1001058,Development,Developer,3,3,Good Performer,True
E1001059,Sales,Sales Executive,4,4,Excellent Performer,True
E1001061,Sales,Sales Representative,3,2,Low Performer,False
E1001062,Development,Developer,3,3,Good Performer,True
E1001063,Sales,Sales Executive,3,2,Low Performer,False
E1001064,Sales,Sales Executive,4,4,Excellent Performer,True
E1001067,Sales,Sales Executive,3,3,Good Performer,True
E1001069,Development,Developer,3,3,Good Performer,True
E1001070,Development,Developer,3,3,Good Performer,True
E1001071,Development,Developer,3,3,Good Performer,True
E1001074,Sales,Sales Executive,3,3,Good Performer,True
E1001075,Development,Developer,3,3,Good Performer,True
E1001077,Development,Developer,3,3,Good Performer,True
E1001078,Sales,Sales Executive,3,3,Good Performer,True
E1001080,Development,Developer,3,3,Good Performer,True
E1001081,Development,Developer,3,3,Good Performer,True
E1001082,Development,Developer,3,3,Good Performer,True
E1001083,Sales,Sales Representative,3,3,Good Performer,True
E1001085,Development,Developer,4,4,Excellent Performer,True
E1001086,Sales,Sales Executive,3,3,Good Performer,True
E1001090,Development,Senior Developer,3,3,Good Performer,True
E1001091,Development,Senior Developer,4,4,Excellent Performer,True
E1001093,Development,Developer,3,3,Good Performer,True
E1001094,Development,Developer,3,3,Good Performer,True
E1001095,Development,Developer,3,3,Good Performer,True
E1001097,Sales,Sales Executive,3,3,Good Performer,True
E1001098,Development,Developer,3,3,Good Performer,True
E1001101,Development,Developer,3,3,Good Performer,True
E1001102,Development,Senior Developer,4,4,Excellent Performer,True
E1001104,Development,Senior Developer,3,3,Good Performer,True
E1001105,Development,Developer,3,3,Good Performer,True
E1001106,Development,Developer,3,3,Good Performer,True
E1001107,Human Resources,Human Resources,3,3,Good Performer,True
E1001110,Development,Developer,3,3,Good Performer,True
E1001111,Development,Developer,4,4,Excellent Performer,True
E1001112,Development,Developer,3,3,Good Performer,True
E1001114,Development,Developer,3,3,Good Performer,True
E1001115,Development,Developer,3,3,Good Performer,True
E1001118,Sales,Sales Executive,3,3,Good Performer,True
E1001120,Sales,Sales Executive,3,3,Good Performer,True
E1001121,Development,Developer,3,3,Good Performer,True
E1001122,Development,Developer,3,3,Good Performer,True
E1001123,Development,Developer,4,4,Excellent Performer,True
E1001124,Sales,Sales Executive,3,3,Good Performer,True
E1001126,Development,Developer,3,3,Good Performer,True
E1001128,Development,Developer,3,3,Good Performer,True
E1001129,Sales,Manager,3,2,Low Performer,False
E1001130,Development,Developer,3,3,Good Performer,True
E1001132,Development,Developer,3,3,Good Performer,True
E1001134,Development,Senior Developer,3,3,Good Performer,True
E1001135,Sales,Sales Executive,3,3,Good Performer,True
E1001140,Sales,Sales Executive,3,3,Good Performer,True
E1001142,Sales,Sales Executive,3,3,Good Performer,True
E1001143,Development,Developer,3,3,Good Performer,True
E1001146,Sales,Sales Executive,3,3,Good Performer,True
E1001147,Human Resources,Human Resources,3,3,Good Performer,True
E1001150,Development,Senior Developer,3,3,Good Performer,True
E1001152,Development,Developer,3,3,Good Performer,True
E1001153,Development,Senior Developer,3,3,Good Performer,True
E1001156,Human Resources,Human Resources,3,3,Good Performer,True
E1001157,Sales,Sales Executive,3,3,Good Performer,True
E1001159,Development,Developer,3,3,Good Performer,True
E1001160,Development,Developer,3,3,Good Performer,True
E1001165,Data Science,Data Scientist,3,3,Good Performer,True
E1001166,Development,Senior Developer,3,3,Good Performer,True
E1001167,Sales,Sales Executive,3,3,Good Performer,True
E1001171,Sales,Sales Representative,3,2,Low Performer,False
E1001173,Development,Senior Developer,3,3,Good Performer,True
E1001175,Sales,Sales Executive,3,3,Good Performer,True
E1001178,Sales,Sales Representative,3,3,Good Performer,True
E1001179,Development,Developer,3,3,Good Performer,True
E1001180,Development,Developer,3,3,Good Performer,True
E1001181,Sales,Sales Executive,4,4,Excellent Performer,True
E1001182,Sales,Sales Executive,3,3,Good Performer,True
E1001183,Development,Developer,3,3,Good Performer,True
E1001187,Human Resources,Human Resources,3,3,Good Performer,True
E1001188,Human Resources,Human Resources,3,3,Good Performer,True
E1001189,Development,Developer,3,4,Excellent Performer,False
E1001191,Development,Developer,3,3,Good Performer,True
E1001196,Development,Developer,3,3,Good Performer,True
E1001200,Sales,Sales Representative,3,3,Good Performer,True
E1001201,Data Science,Data Scientist,3,3,Good Performer,True
E1001202,Data Science,Data Scientist,3,3,Good Performer,True
E1001203,Sales,Sales Representative,3,3,Good Performer,True
E1001204,Development,Developer,3,3,Good Performer,True
E1001208,Development,Developer,3,3,Good Performer,True
E1001210,Development,Senior Developer,3,4,Excellent Performer,False
E1001211,Development,Developer,3,3,Good Performer,True
E1001212,Development,Developer,3,3,Good Performer,True
E1001214,Sales,Sales Executive,3,3,Good Performer,True
E1001217,Development,Senior Developer,3,3,Good Performer,True
E1001218,Development,Senior Developer,3,3,Good Performer,True
E1001219,Sales,Sales Representative,3,3,Good Performer,True
E1001220,Development,Senior Developer,3,4,Excellent Performer,False
E1001223,Data Science,Data Scientist,3,3,Good Performer,True
E1001225,Sales,Sales Executive,3,3,Good Performer,True
E1001227,Development,Developer,3,3,Good Performer,True
E1001228,Development,Senior Developer,3,3,Good Performer,True
E1001229,Development,Senior Developer,4,4,Excellent Performer,True
E1001230,Sales,Sales Representative,3,3,Good Performer,True
E1001235,Development,Developer,3,3,Good Performer,True
E1001236,Development,Developer,4,4,Excellent Performer,True
E1001237,Sales,Sales Representative,3,3,Good Performer,True
E1001238,Development,Developer,3,3,Good Performer,True
E1001239,Development,Developer,3,3,Good Performer,True
E1001245,Sales,Sales Executive,3,3,Good Performer,True
E1001248,Sales,Sales Executive,2,2,Low Performer,True
E1001250,Development,Developer,3,3,Good Performer,True
E1001252,Sales,Sales Representative,3,3,Good Performer,True
E1001253,Sales,Sales Executive,3,3,Good Performer,True
E1001254,Development,Senior Developer,3,3,Good Performer,True
E1001259,Sales,Manager,3,3,Good Performer,True
E1001260,Sales,Sales Executive,3,3,Good Performer,True
E1001262,Sales,Sales Executive,3,3,Good Performer,True
E1001263,Sales,Sales Executive,3,3,Good Performer,True
E1001264,Sales,Sales Executive,3,3,Good Performer,True
E1001265,Development,Senior Developer,3,3,Good Performer,True
E1001268,Sales,Sales Executive,3,3,Good Performer,True
E1001269,Development,Developer,4,4,Excellent Performer,True
E1001270,Sales,Manager,3,3,Good Performer,True
E1001272,Development,Developer,4,4,Excellent Performer,True
E1001273,Development,Developer,3,3,Good Performer,True
E1001274,Development,Developer,3,3,Good Performer,True
E1001275,Development,Senior Developer,4,4,Excellent Performer,True
E1001276,Development,Developer,3,3,Good Performer,True
E1001277,Development,Developer,3,3,Good Performer,True
E1001280,Development,Developer,3,3,Good Performer,True
E1001281,Sales,Sales Executive,3,3,Good Performer,True
E1001282,Development,Developer,3,3,Good Performer,True
E1001283,Development,Developer,3,3,Good Performer,True
E1001284,Research & Development,Senior Manager R&D,3,3,Good Performer,True
E1001288,Research & Development,Laboratory Technician,3,3,Good Performer,True
E1001289,Research & Development,Manufacturing Director,3,3,Good Performer,True
E1001290,Research & Development,Research Scientist,3,3,Good Performer,True
E1001291,Research & Development,Senior Manager R&D,3,3,Good Performer,True
E1001292,Research & Development,Healthcare Representative,3,3,Good Performer,True
E1001293,Research & Development,Research Director,2,2,Low Performer,True
E1001296,Research & Development,Senior Manager R&D,3,3,Good Performer,True
E1001297,Research & Development,Laboratory Technician,2,2,Low Performer,True
E1001300,Research & Development,Healthcare Representative,2,2,Low Performer,True
E1001302,Research & Development,Senior Manager R&D,3,3,Good Performer,True
E1001303,Research & Development,Manufacturing Director,3,3,Good Performer,True
E1001304,Research & Development,Manufacturing Director,3,3,Good Performer,True
E1001305,Research & Development,Senior Manager R&D,2,2,Low Performer,True
E1001306,Research & Development,Laboratory Technician,2,2,Low Performer,True
E1001307,Sales,Manager,4,4,Excellent Performer,True
E1001308,Research & Development,Laboratory Technician,3,3,Good Performer,True
E1001310,Research & Development,Manufacturing Director,3,3,Good Performer,True
E1001312,Research & Development,Healthcare Representative,3,3,Good Performer,True
E1001313,Research & Development,Research Director,2,2,Low Performer,True
E1001314,Sales,Sales Executive,3,3,Good Performer,True
E1001315,Sales,Sales Executive,2,2,Low Performer,True
E1001316,Sales,Manager,2,2,Low Performer,True
E1001317,Sales,Sales Executive,3,3,Good Performer,True
E1001318,Sales,Sales Executive,3,3,Good Performer,True
E1001321,Research & Development,Manufacturing Director,3,3,Good Performer,True
E1001322,Sales,Sales Representative,2,2,Low Performer,True
E1001323,Sales,Manager,3,3,Good Performer,True
E1001324,Research & Development,Senior Manager R&D,3,3,Good Performer,True
E1001325,Sales,Sales Executive,3,3,Good Performer,True
E1001326,Sales,Manager,3,3,Good Performer,True
E1001327,Human Resources,Human Resources,3,3,Good Performer,True
E1001330,Research & Development,Laboratory Technician,3,3,Good Performer,True
E1001331,Research & Development,Research Scientist,2,2,Low Performer,True
E1001334,Sales,Sales Representative,4,4,Excellent Performer,True
E1001338,Research & Development,Senior Manager R&D,3,3,Good Performer,True
E1001339,Research & Development,Senior Manager R&D,3,2,Low Performer,False
E1001340,Research & Development,Healthcare Representative,3,3,Good Performer,True
E1001344,Sales,Sales Executive,3,3,Good Performer,True
E1001346,Research & Development,Research Scientist,2,2,Low Performer,True
E1001348,Sales,Sales Executive,3,3,Good Performer,True
E1001349,Research & Development,Senior Manager R&D,3,3,Good Performer,True
E1001351,Research & Development,Manufacturing Director,3,3,Good Performer,True
E1001352,Research & Development,Manager,4,4,Excellent Performer,True
E1001354,Sales,Sales Executive,3,3,Good Performer,True
E1001355,Sales,Sales Representative,3,3,Good Performer,True
E1001357,Research & Development,Senior Manager R&D,3,3,Good Performer,True
E1001358,Research & Development,Senior Manager R&D,4,4,Excellent Performer,True
E1001360,Research & Development,Senior Manager R&D,2,2,Low Performer,True
E1001361,Research & Development,Laboratory Technician,2,2,Low Performer,True
E1001362,Research & Development,Senior Manager R&D,3,3,Good Performer,True
E1001366,Research & Development,Healthcare Representative,3,3,Good Performer,True
E1001370,Research & Development,Senior Manager R&D,2,2,Low Performer,True
E1001372,Research & Development,Senior Manager R&D,2,2,Low Performer,True
E1001374,Research & Development,Manager R&D,3,3,Good Performer,True
E1001376,Human Resources,Human Resources,2,2,Low Performer,True
E1001379,Research & Development,Research Scientist,2,2,Low Performer,True
E1001381,Research & Development,Healthcare Representative,3,3,Good Performer,True
E1001384,Research & Development,Manager R&D,3,3,Good Performer,True
E1001385,Research & Development,Manager R&D,4,3,Good Performer,False
E1001387,Research & Development,Manager,3,3,Good Performer,True
E1001389,Research & Development,Manager R&D,3,3,Good Performer,True
E1001391,Sales,Sales Executive,3,3,Good Performer,True
E1001392,Sales,Sales Executive,3,3,Good Performer,True
E1001393,Research & Development,Research Scientist,3,3,Good Performer,True
E1001394,Research & Development,Manager R&D,2,2,Low Performer,True
E1001395,Sales,Sales Executive,2,2,Low Performer,True
E1001396,Research & Development,Healthcare Representative,2,2,Low Performer,True
E1001397,Sales,Sales Executive,3,3,Good Performer,True
E1001398,Research & Development,Manager R&D,4,4,Excellent Performer,True
E1001399,Research & Development,Manufacturing Director,3,3,Good Performer,True
E1001402,Sales,Manager,2,2,Low Performer,True
E1001403,Sales,Sales Executive,3,3,Good Performer,True
E1001405,Research & Development,Healthcare Representative,2,2,Low Performer,True
E1001406,Research & Development,Manager R&D,3,3,Good Performer,True
E1001410,Research & Development,Laboratory Technician,3,3,Good Performer,True
E1001411,Research & Development,Manufacturing Director,3,3,Good Performer,True
E1001413,Sales,Sales Representative,3,3,Good Performer,True
E1001414,Research & Development,Manager R&D,3,3,Good Performer,True
E1001415,Sales,Sales Executive,3,3,Good Performer,True
E1001416,Sales,Sales Executive,3,3,Good Performer,True
E1001418,Research & Development,Manager R&D,3,3,Good Performer,True
E1001421,Research & Development,Research Scientist,3,3,Good Performer,True
E1001426,Research & Development,Laboratory Technician,3,3,Good Performer,True
E1001428,Research & Development,Manufacturing Director,2,2,Low Performer,True
E1001432,Research & Development,Research Scientist,3,3,Good Performer,True
E1001434,Research & Development,Laboratory Technician,3,3,Good Performer,True
E1001435,Sales,Sales Executive,3,3,Good Performer,True
E1001436,Research & Development,Laboratory Technician,3,3,Good Performer,True
E1001438,Research & Development,Laboratory Technician,3,3,Good Performer,True
E1001439,Research & Development,Healthcare Representative,3,3,Good Performer,True
E1001440,Research & Development,Research Scientist,3,3,Good Performer,True
E1001441,Sales,Sales Executive,2,2,Low Performer,True
E1001442,Human Resources,Human Resources,2,2,Low Performer,True
E1001443,Sales,Sales Executive,2,2,Low Performer,True
E1001444,Research & Development,Research Director,2,2,Low Performer,True
E1001445,Sales,Sales Executive,3,3,Good Performer,True
E1001449,Sales,Sales Executive,4,4,Excellent Performer,True
E1001451,Research & Development,Laboratory Technician,4,4,Excellent Performer,True
E1001453,Research & Development,Manager R&D,3,3,Good Performer,True
E1001455,Research & Development,Manager R&D,3,3,Good Performer,True
E1001457,Sales,Sales Executive,3,3,Good Performer,True
E1001458,Research & Development,Research Scientist,3,3,Good Performer,True
E1001460,Research & Development,Manufacturing Director,3,3,Good Performer,True
E1001462,Research & Development,Healthcare Representative,4,4,Excellent Performer,True
E1001463,Research & Development,Laboratory Technician,3,3,Good Performer,True
E1001466,Sales,Sales Executive,2,2,Low Performer,True
E1001468,Sales,Sales Representative,3,3,Good Performer,True
E1001469,Research & Development,Manager,3,3,Good Performer,True
E1001470,Research & Development,Manager R&D,3,3,Good Performer,True
E1001471,Research & Development,Research Scientist,4,4,Excellent Performer,True
E1001473,Research & Development,Manager R&D,3,3,Good Performer,True
E1001474,Research & Development,Manufacturing Director,3,3,Good Performer,True
E1001478,Research & Development,Manager R&D,3,3,Good Performer,True
E1001479,Research & Development,Manager R&D,3,3,Good Performer,True
E1001481,Research & Development,Manager R&D,3,3,Good Performer,True
E1001482,Sales,Manager,4,4,Excellent Performer,True
E1001484,Research & Development,Research Scientist,3,3,Good Performer,True
E1001485,Human Resources,Human Resources,2,2,Low Performer,True
E1001489,Sales,Sales Executive,3,3,Good Performer,True
E1001490,Sales,Sales Executive,3,3,Good Performer,True
E1001493,Research & Development,Manager R&D,4,4,Excellent Performer,True
E1001495,Research & Development,Manager R&D,3,3,Good Performer,True
E1001496,Sales,Sales Executive,3,3,Good Performer,True
E1001497,Research & Development,Laboratory Technician,3,3,Good Performer,True
E1001498,Sales,Sales Executive,3,3,Good Performer,True
E1001499,Research & Development,Laboratory Technician,3,3,Good Performer,True
E1001503,Research & Development,Research Scientist,4,4,Excellent Performer,True
E1001509,Human Resources,Human Resources,4,4,Excellent Performer,True
E1001512,Research & Development,Laboratory Technician,4,4,Excellent Performer,True
E1001513,Research & Development,Manager R&D,3,3,Good Performer,True
E1001515,Research & Development,Manufacturing Director,4,4,Excellent Performer,True
E1001516,Research & Development,Research Scientist,2,2,Low Performer,True
E1001518,Sales,Sales Executive,3,3,Good Performer,True
E1001520,Research & Development,Research Director,3,3,Good Performer,True
E1001522,Research & Development,Manager R&D,2,2,Low Performer,True
E1001523,Research & Development,Manufacturing Director,3,3,Good Performer,True
E1001524,Research & Development,Manager R&D,2,2,Low Performer,True
E1001526,Research & Development,Research Scientist,4,4,Excellent Performer,True
E1001528,Research & Development,Research Director,3,3,Good Performer,True
E1001529,Research & Development,Manager R&D,3,3,Good Performer,True
E1001533,Research & Development,Research Director,3,3,Good Performer,True
E1001534,Research & Development,Manager R&D,3,3,Good Performer,True
E1001535,Research & Development,Research Scientist,3,3,Good Performer,True
E1001536,Research & Development,Laboratory Technician,3,3,Good Performer,True
E1001538,Research & Development,Manager R&D,3,3,Good Performer,True
E1001541,Research & Development,Research Director,4,3,Good Performer,False
E1001542,Research & Development,Research Director,3,3,Good Performer,True
E1001545,Sales,Manager,2,2,Low Performer,True
E1001548,Research & Development,Research Scientist,4,4,Excellent Performer,True
E1001553,Research & Development,Research Scientist,4,4,Excellent Performer,True
E1001555,Sales,Manager,2,2,Low Performer,True
E1001556,Research & Development,Healthcare Representative,3,3,Good Performer,True
E1001557,Research & Development,Laboratory Technician,2,2,Low Performer,True
E1001558,Sales,Manager,3,3,Good Performer,True
E1001559,Sales,Sales Executive,3,3,Good Performer,True
E1001560,Sales,Manager,4,4,Excellent Performer,True
E1001561,Research & Development,Manager R&D,3,3,Good Performer,True
E1001563,Research & Development,Laboratory Technician,3,3,Good Performer,True
E1001564,Research & Development,Laboratory Technician,3,3,Good Performer,True
E1001566,Research & Development,Manager R&D,3,3,Good Performer,True
E1001567,Human Resources,Human Resources,3,3,Good Performer,True
E1001569,Research & Development,Research Scientist,3,3,Good Performer,True
E1001570,Research & Development,Research Scientist,3,3,Good Performer,True
E1001571,Sales,Sales Executive,3,3,Good Performer,True
E1001572,Research & Development,Manufacturing Director,3,3,Good Performer,True
E1001574,Research & Development,Laboratory Technician,3,3,Good Performer,True
E1001575,Research & Development,Laboratory Technician,3,3,Good Performer,True
E1001576,Research & Development,Manufacturing Director,3,3,Good Performer,True
E1001577,Research & Development,Laboratory Technician,2,2,Low Performer,True
E1001579,Research & Development,Research Scientist,3,3,Good Performer,True
E1001581,Research & Development,Research Scientist,3,3,Good Performer,True
E1001582,Sales,Sales Executive,3,3,Good Performer,True
E1001584,Research & Development,Manager,4,4,Excellent Performer,True
E1001585,Research & Development,Manager,3,3,Good Performer,True
E1001586,Research & Development,Research Scientist,2,2,Low Performer,True
E1001587,Research & Development,Manager R&D,3,3,Good Performer,True
E1001590,Research & Development,Healthcare Representative,3,3,Good Performer,True
E1001592,Human Resources,Human Resources,3,3,Good Performer,True
E1001593,Research & Development,Manager R&D,3,3,Good Performer,True
E1001595,Research & Development,Manager R&D,3,3,Good Performer,True
E1001596,Sales,Sales Executive,3,3,Good Performer,True
E1001597,Sales,Sales Executive,2,2,Low Performer,True
E1001602,Sales,Sales Executive,3,3,Good Performer,True
E1001607,Sales,Sales Executive,3,3,Good Performer,True
E1001614,Research & Development,Manager,3,3,Good Performer,True
E1001616,Human Resources,Manager,3,3,Good Performer,True
E1001618,Research & Development,Research Scientist,3,3,Good Performer,True
E1001622,Research & Development,Healthcare Representative,3,3,Good Performer,True
E1001627,Sales,Sales Executive,3,3,Good Performer,True
E1001628,Research & Development,Research Scientist,3,3,Good Performer,True
E1001630,Human Resources,Manager,3,3,Good Performer,True
E1001633,Sales,Sales Executive,2,2,Low Performer,True
E1001634,Sales,Sales Executive,3,3,Good Performer,True
E1001636,Research & Development,Laboratory Technician,3,3,Good Performer,True
E1001638,Research & Development,Manufacturing Director,3,3,Good Performer,True
E1001639,Research & Development,Laboratory Technician,3,3,Good Performer,True
E1001640,Sales,Sales Executive,2,2,Low Performer,True
E1001641,Research & Development,Manufacturing Director,3,3,Good Performer,True
E1001642,Sales,Sales Representative,3,3,Good Performer,True
E1001645,Research & Development,Manager R&D,3,3,Good Performer,True
E1001646,Research & Development,Manager R&D,4,4,Excellent Performer,True
E1001647,Research & Development,Laboratory Technician,3,3,Good Performer,True
E1001649,Sales,Sales Executive,4,4,Excellent Performer,True
E1001650,Sales,Sales Executive,2,2,Low Performer,True
E1001651,Research & Development,Manager R&D,3,3,Good Performer,True
E1001652,Research & Development,Research Scientist,3,3,Good Performer,True
E1001653,Research & Development,Manager R&D,2,2,Low Performer,True
E1001655,Research & Development,Laboratory Technician,2,2,Low Performer,True
E1001657,Sales,Sales Representative,3,3,Good Performer,True
E1001660,Research & Development,Research Scientist,3,3,Good Performer,True
E1001661,Research & Development,Healthcare Representative,3,3,Good Performer,True
E1001665,Sales,Sales Executive,3,3,Good Performer,True
E1001668,Sales,Sales Executive,2,2,Low Performer,True
E1001669,Sales,Sales Executive,2,2,Low Performer,True
E1001670,Research & Development,Manager R&D,3,3,Good Performer,True
E1001673,Sales,Sales Executive,2,2,Low Performer,True
E1001674,Sales,Sales Executive,3,3,Good Performer,True
E1001675,Research & Development,Manager R&D,4,4,Excellent Performer,True
E1001677,Sales,Sales Executive,2,2,Low Performer,True
E1001679,Research & Development,Manufacturing Director,3,3,Good Performer,True
E1001680,Research & Development,Research Scientist,2,2,Low Performer,True
E1001681,Sales,Sales Executive,3,3,Good Performer,True
E1001683,Research & Development,Research Scientist,3,3,Good Performer,True
E1001685,Research & Development,Research Scientist,3,3,Good Performer,True
E1001686,Human Resources,Manager,3,3,Good Performer,True
E1001689,Research & Development,Manager R&D,3,3,Good Performer,True
E1001690,Research & Development,Manufacturing Director,3,3,Good Performer,True
E1001693,Research & Development,Laboratory Technician,3,3,Good Performer,True
E1001697,Human Resources,Human Resources,3,3,Good Performer,True
E1001698,Research & Development,Manager R&D,3,2,Low Performer,False
E1001700,Research & Development,Research Director,3,3,Good Performer,True
E1001701,Research & Development,Manager R&D,4,4,Excellent Performer,True
E1001703,Sales,Sales Executive,3,3,Good Performer,True
E1001705,Sales,Sales Representative,3,3,Good Performer,True
E1001706,Sales,Sales Executive,3,3,Good Performer,True
E1001708,Research & Development,Research Director,3,3,Good Performer,True
E1001709,Research & Development,Research Scientist,3,3,Good Performer,True
E1001711,Research & Development,Research Scientist,3,3,Good Performer,True
E1001712,Research & Development,Manager R&D,3,3,Good Performer,True
E1001713,Research & Development,Laboratory Technician,2,2,Low Performer,True
E1001716,Research & Development,Research Scientist,2,2,Low Performer,True
E1001717,Sales,Sales Representative,2,2,Low Performer,True
E1001718,Research & Development,Manager R&D,3,3,Good Performer,True
E1001719,Research & Development,Manager R&D,4,4,Excellent Performer,True
E1001723,Sales,Sales Executive,3,3,Good Performer,True
E1001725,Research & Development,Laboratory Technician,3,3,Good Performer,True
E1001726,Research & Development,Manager R&D,3,3,Good Performer,True
E1001727,Research & Development,Laboratory Technician,3,3,Good Performer,True
E1001731,Sales,Sales Executive,2,2,Low Performer,True
E1001736,Research & Development,Laboratory Technician,4,4,Excellent Performer,True
E1001737,Research & Development,Manager R&D,3,3,Good Performer,True
E1001738,Research & Development,Manager R&D,3,3,Good Performer,True
E1001739,Human Resources,Human Resources,3,3,Good Performer,True
E1001743,Research & Development,Manager R&D,3,3,Good Performer,True
E1001745,Human Resources,Human Resources,2,2,Low Performer,True
E1001746,Research & Development,Research Director,3,3,Good Performer,True
E1001749,Research & Development,Laboratory Technician,3,3,Good Performer,True
E1001751,Research & Development,Manager R&D,2,2,Low Performer,True
E1001752,Research & Development,Research Scientist,4,3,Good Performer,False
E1001753,Research & Development,Manager R&D,3,3,Good Performer,True
E1001755,Sales,Sales Executive,3,3,Good Performer,True
E1001756,Sales,Sales Executive,3,3,Good Performer,True
E1001757,Sales,Sales Executive,3,3,Good Performer,True
E1001758,Research & Development,Laboratory Technician,2,2,Low Performer,True
E1001759,Sales,Sales Executive,3,3,Good Performer,True
E1001760,Research & Development,Research Scientist,3,3,Good Performer,True
E1001761,Research & Development,Research Scientist,2,2,Low Performer,True
E1001762,Research & Development,Manager R&D,3,3,Good Performer,True
E1001763,Research & Development,Research Director,2,2,Low Performer,True
E1001764,Sales,Sales Representative,2,2,Low Performer,True
E1001767,Sales,Sales Executive,2,2,Low Performer,True
E1001770,Sales,Sales Representative,3,3,Good Performer,True
E1001773,Sales,Sales Representative,3,3,Good Performer,True
E1001774,Research & Development,Manager R&D,2,2,Low Performer,True
E1001775,Sales,Sales Executive,3,3,Good Performer,True
E1001779,Research & Development,Manager R&D,3,3,Good Performer,True
E1001780,Research & Development,Manager R&D,3,3,Good Performer,True
E1001781,Sales,Sales Executive,3,3,Good Performer,True
E1001782,Research & Development,Laboratory Technician,3,3,Good Performer,True
E1001784,Research & Development,Manager R&D,3,3,Good Performer,True
E1001785,Sales,Sales Executive,3,3,Good Performer,True
E1001787,Research & Development,Laboratory Technician,4,4,Excellent Performer,True
E1001791,Research & Development,Laboratory Technician,3,3,Good Performer,True
E1001792,Research & Development,Manager R&D,3,3,Good Performer,True
E1001793,Research & Development,Healthcare Representative,3,3,Good Performer,True
E1001794,Research & Development,Manager,3,3,Good Performer,True
E1001798,Research & Development,Manager R&D,2,2,Low Performer,True
E1001800,Research & Development,Research Scientist,3,3,Good Performer,True
E1001805,Sales,Manager,3,3,Good Performer,True
E1001807,Research & Development,Manager R&D,3,3,Good Performer,True
E1001811,Research & Development,Laboratory Technician,2,2,Low Performer,True
E1001812,Research & Development,Laboratory Technician,3,3,Good Performer,True
E1001813,Sales,Sales Executive,3,3,Good Performer,True
E1001817,Research & Development,Research Director,3,3,Good Performer,True
E1001820,Research & Development,Manager R&D,3,3,Good Performer,True
E1001821,Research & Development,Research Scientist,2,2,Low Performer,True
E1001822,Research & Development,Healthcare Representative,3,3,Good Performer,True
E1001823,Research & Development,Manufacturing Director,3,3,Good Performer,True
E1001824,Research & Development,Research Scientist,4,4,Excellent Performer,True
E1001825,Research & Development,Healthcare Representative,3,3,Good Performer,True
E1001826,Sales,Sales Executive,2,2,Low Performer,True
E1001827,Research & Development,Laboratory Technician,2,2,Low Performer,True
E1001828,Human Resources,Manager,4,4,Excellent Performer,True
E1001829,Research & Development,Laboratory Technician,3,3,Good Performer,True
E1001830,Research & Development,Manager R&D,3,3,Good Performer,True
E1001831,Research & Development,Healthcare Representative,2,2,Low Performer,True
E1001832,Sales,Sales Representative,2,2,Low Performer,True
E1001834,Sales,Sales Representative,4,4,Excellent Performer,True
E1001835,Sales,Sales Executive,3,3,Good Performer,True
E1001838,Sales,Sales Executive,2,2,Low Performer,True
E1001840,Sales,Sales Executive,2,2,Low Performer,True
E1001841,Human Resources,Human Resources,3,3,Good Performer,True
E1001846,Sales,Sales Executive,3,3,Good Performer,True
E1001847,Research & Development,Laboratory Technician,3,3,Good Performer,True
E1001850,Research & Development,Manufacturing Director,3,3,Good Performer,True
E1001851,Research & Development,Manufacturing Director,3,3,Good Performer,True
E1001854,Research & Development,Manager R&D,3,3,Good Performer,True
E1001855,Research & Development,Research Scientist,3,3,Good Performer,True
E1001856,Sales,Manager,4,4,Excellent Performer,True
E1001858,Research & Development,Manager R&D,2,2,Low Performer,True
E1001860,Sales,Sales Executive,3,3,Good Performer,True
E1001863,Sales,Sales Executive,3,3,Good Performer,True
E1001864,Research & Development,Manager R&D,2,2,Low Performer,True
E1001865,Research & Development,Healthcare Representative,3,3,Good Performer,True
E1001866,Sales,Sales Executive,3,3,Good Performer,True
E1001868,Finance,Finance Manager,2,2,Low Performer,True
E1001869,Sales,Manager,3,3,Good Performer,True
E1001870,Finance,Finance Manager,3,3,Good Performer,True
E1001874,Finance,Finance Manager,2,2,Low Performer,True
E1001875,Finance,Finance Manager,3,3,Good Performer,True
E1001877,Finance,Finance Manager,3,3,Good Performer,True
E1001882,Finance,Finance Manager,3,3,Good Performer,True
E1001883,Finance,Finance Manager,2,2,Low Performer,True
E1001884,Finance,Finance Manager,2,2,Low Performer,True
E1001885,Finance,Finance Manager,3,3,Good Performer,True
E1001886,Finance,Finance Manager,2,2,Low Performer,True
E1001887,Finance,Finance Manager,2,2,Low Performer,True
E1001889,Finance,Finance Manager,3,3,Good Performer,True
E1001890,Sales,Sales Executive,2,2,Low Performer,True
E1001891,Sales,Sales Executive,3,3,Good Performer,True
E1001892,Finance,Finance Manager,3,3,Good Performer,True
E1001893,Finance,Finance Manager,3,3,Good Performer,True
E1001895,Finance,Finance Manager,3,3,Good Performer,True
E1001897,Finance,Finance Manager,3,3,Good Performer,True
E1001899,Finance,Finance Manager,2,2,Low Performer,True
E1001900,Finance,Finance Manager,3,3,Good Performer,True
E1001901,Finance,Finance Manager,3,3,Good Performer,True
E1001902,Sales,Sales Representative,3,3,Good Performer,True
E1001903,Human Resources,Manager,3,3,Good Performer,True
E1001905,Finance,Finance Manager,3,3,Good Performer,True
E1001908,Finance,Finance Manager,3,3,Good Performer,True
E1001909,Finance,Finance Manager,3,3,Good Performer,True
E1001911,Finance,Finance Manager,2,2,Low Performer,True
E1001916,Finance,Finance Manager,3,3,Good Performer,True
E1001918,Finance,Finance Manager,2,2,Low Performer,True
E1001919,Finance,Finance Manager,3,3,Good Performer,True
E1001920,Human Resources,Human Resources,3,3,Good Performer,True
E1001923,Sales,Sales Executive,2,2,Low Performer,True
E1001924,Finance,Finance Manager,2,2,Low Performer,True
E1001925,Finance,Finance Manager,3,3,Good Performer,True
E1001926,Finance,Finance Manager,3,3,Good Performer,True
E1001931,Finance,Finance Manager,3,3,Good Performer,True
E1001932,Finance,Finance Manager,4,4,Excellent Performer,True
E1001933,Finance,Finance Manager,2,2,Low Performer,True
E1001934,Finance,Finance Manager,3,3,Good Performer,True
E1001935,Sales,Sales Representative,3,3,Good Performer,True
E1001936,Finance,Finance Manager,3,3,Good Performer,True
E1001937,Finance,Finance Manager,2,2,Low Performer,True
E1001939,Finance,Finance Manager,3,3,Good Performer,True
E1001940,Finance,Finance Manager,3,3,Good Performer,True
E1001942,Finance,Finance Manager,4,4,Excellent Performer,True
E1001943,Finance,Finance Manager,2,2,Low Performer,True
E1001944,Finance,Finance Manager,4,4,Excellent Performer,True
E1001945,Sales,Sales Executive,4,4,Excellent Performer,True
E1001947,Sales,Sales Executive,3,3,Good Performer,True
E1001948,Sales,Sales Executive,3,3,Good Performer,True
E1001949,Finance,Finance Manager,3,3,Good Performer,True
E1001951,Sales,Sales Executive,3,3,Good Performer,True
E1001952,Finance,Finance Manager,3,3,Good Performer,True
E1001958,Sales,Sales Representative,3,3,Good Performer,True
E1001959,Sales,Sales Executive,4,4,Excellent Performer,True
E1001960,Finance,Finance Manager,3,3,Good Performer,True
E1001961,Human Resources,Human Resources,3,3,Good Performer,True
E1001962,Finance,Finance Manager,3,3,Good Performer,True
E1001965,Finance,Finance Manager,3,3,Good Performer,True
E1001967,Finance,Finance Manager,2,2,Low Performer,True
E1001969,Sales,Sales Representative,3,3,Good Performer,True
E1001970,Finance,Finance Manager,3,3,Good Performer,True
E1001971,Finance,Finance Manager,4,4,Excellent Performer,True
E1001972,Finance,Finance Manager,2,2,Low Performer,True
E1001974,Research & Development,Manager R&D,2,2,Low Performer,True
E1001975,Research & Development,Healthcare Representative,4,4,Excellent Performer,True
E1001978,Sales,Sales Executive,3,3,Good Performer,True
E1001979,Research & Development,Research Scientist,2,2,Low Performer,True
E1001981,Research & Development,Healthcare Representative,3,3,Good Performer,True
E1001984,Sales,Sales Executive,3,3,Good Performer,True
E1001987,Research & Development,Manager R&D,3,3,Good Performer,True
E1001988,Sales,Sales Representative,3,3,Good Performer,True
E1001990,Research & Development,Manager R&D,4,4,Excellent Performer,True
E1001996,Research & Development,Laboratory Technician,3,3,Good Performer,True
E1001997,Research & Development,Manager R&D,3,3,Good Performer,True
E1001999,Research & Development,Laboratory Technician,3,3,Good Performer,True
E1002000,Human Resources,Human Resources,3,3,Good Performer,True
E1002002,Research & Development,Manufacturing Director,3,3,Good Performer,True
E1002003,Research & Development,Laboratory Technician,2,2,Low Performer,True
E1002005,Research & Development,Healthcare Representative,3,3,Good Performer,True
E1002007,Research & Development,Research Scientist,3,3,Good Performer,True
E1002009,Sales,Sales Executive,3,3,Good Performer,True
E1002010,Sales,Sales Executive,3,3,Good Performer,True
E1002011,Sales,Sales Executive,2,2,Low Performer,True
E1002012,Sales,Sales Executive,3,3,Good Performer,True
E1002014,Research & Development,Manufacturing Director,4,4,Excellent Performer,True
E1002015,Research & Development,Laboratory Technician,3,3,Good Performer,True
E1002017,Sales,Sales Executive,3,3,Good Performer,True
E1002018,Sales,Manager,2,2,Low Performer,True
E1002022,Human Resources,Human Resources,4,4,Excellent Performer,True
E1002023,Research & Development,Manager R&D,3,3,Good Performer,True
E1002024,Human Resources,Human Resources,2,2,Low Performer,True
E1002025,Human Resources,Human Resources,3,3,Good Performer,True
E1002027,Sales,Sales Executive,4,4,Excellent Performer,True
E1002029,Research & Development,Manager R&D,3,3,Good Performer,True
E1002030,Sales,Sales Representative,2,2,Low Performer,True
E1002031,Research & Development,Healthcare Representative,3,3,Good Performer,True
E1002032,Sales,Sales Executive,3,3,Good Performer,True
E1002033,Research & Development,Research Scientist,3,3,Good Performer,True
E1002034,Sales,Sales Executive,3,3,Good Performer,True
E1002035,Sales,Sales Executive,3,3,Good Performer,True
E1002036,Sales,Sales Executive,4,4,Excellent Performer,True
E1002038,Research & Development,Laboratory Technician,3,3,Good Performer,True
E1002042,Research & Development,Research Scientist,3,3,Good Performer,True
E1002044,Research & Development,Healthcare Representative,3,3,Good Performer,True
E1002045,Research & Development,Research Scientist,3,3,Good Performer,True
E1002048,Research & Development,Research Director,3,3,Good Performer,True
E1002049,Research & Development,Research Scientist,3,3,Good Performer,True
E1002050,Research & Development,Laboratory Technician,4,4,Excellent Performer,True
E1002052,Sales,Sales Executive,3,3,Good Performer,True
E1002053,Research & Development,Manufacturing Director,3,3,Good Performer,True
E1002056,Human Resources,Human Resources,2,2,Low Performer,True
E1002057,Sales,Sales Executive,3,3,Good Performer,True
E1002058,Sales,Sales Representative,3,3,Good Performer,True
E1002060,Research & Development,Manager R&D,3,3,Good Performer,True
E1002061,Research & Development,Manager R&D,3,3,Good Performer,True
E1002062,Sales,Sales Executive,2,2,Low Performer,True
E1002067,Research & Development,Research Director,3,3,Good Performer,True
E1002068,Research & Development,Manager R&D,3,3,Good Performer,True
E1002070,Research & Development,Research Scientist,3,3,Good Performer,True
E1002072,Human Resources,Human Resources,3,3,Good Performer,True
E1002076,Research & Development,Research Scientist,3,3,Good Performer,True
E1002079,Sales,Sales Executive,2,2,Low Performer,True
E1002080,Research & Development,Laboratory Technician,3,3,Good Performer,True
E1002082,Research & Development,Manager R&D,2,2,Low Performer,True
E1002083,Human Resources,Human Resources,2,2,Low Performer,True
E1002085,Research & Development,Laboratory Technician,3,3,Good Performer,True
E1002090,Sales,Sales Executive,3,3,Good Performer,True
E1002091,Research & Development,Research Scientist,2,2,Low Performer,True
E1002092,Research & Development,Healthcare Representative,2,2,Low Performer,True
E1002093,Sales,Sales Executive,3,3,Good Performer,True
E1002101,Sales,Sales Executive,2,2,Low Performer,True
E1002102,Sales,Manager,2,2,Low Performer,True
E1002104,Research & Development,Laboratory Technician,3,3,Good Performer,True
E1002105,Research & Development,Manager R&D,3,3,Good Performer,True
E1002107,Research & Development,Healthcare Representative,2,2,Low Performer,True
E1002108,Research & Development,Research Scientist,3,3,Good Performer,True
E1002111,Sales,Sales Executive,2,2,Low Performer,True
E1002113,Sales,Sales Representative,3,3,Good Performer,True
E1002114,Sales,Sales Executive,3,3,Good Performer,True
E1002115,Research & Development,Manager R&D,2,2,Low Performer,True
E1002117,Research & Development,Manager R&D,3,3,Good Performer,True
E1002120,Human Resources,Human Resources,3,3,Good Performer,True
E1002123,Sales,Sales Executive,4,4,Excellent Performer,True
E1002125,Research & Development,Research Scientist,4,4,Excellent Performer,True
E1002127,Sales,Sales Executive,2,2,Low Performer,True
E1002128,Research & Development,Manager R&D,3,3,Good Performer,True
E1002130,Research & Development,Laboratory Technician,3,3,Good Performer,True
E1002131,Sales,Sales Executive,3,3,Good Performer,True
E1002132,Research & Development,Research Scientist,4,4,Excellent Performer,True
E1002134,Research & Development,Laboratory Technician,2,2,Low Performer,True
E1002135,Research & Development,Manufacturing Director,3,3,Good Performer,True
E1002136,Human Resources,Human Resources,3,3,Good Performer,True
E1002137,Research & Development,Healthcare Representative,3,3,Good Performer,True
E1002138,Research & Development,Manager R&D,3,3,Good Performer,True
E1002140,Sales,Sales Executive,3,3,Good Performer,True
E1002141,Sales,Sales Executive,2,2,Low Performer,True
E1002142,Sales,Sales Representative,2,2,Low Performer,True
E1002143,Human Resources,Human Resources,3,3,Good Performer,True
E1002145,Research & Development,Manager R&D,3,3,Good Performer,True
E1002146,Research & Development,Research Scientist,4,4,Excellent Performer,True
E1002151,Research & Development,Research Scientist,3,3,Good Performer,True
E1002153,Sales,Sales Representative,3,3,Good Performer,True
E1002154,Sales,Sales Representative,3,3,Good Performer,True
E1002156,Research & Development,Research Scientist,4,4,Excellent Performer,True
E1002158,Sales,Sales Executive,2,2,Low Performer,True
E1002160,Sales,Sales Executive,3,3,Good Performer,True
E1002161,Research & Development,Laboratory Technician,3,3,Good Performer,True
E1002163,Research & Development,Research Scientist,4,4,Excellent Performer,True
E1002164,Research & Development,Manufacturing Director,3,3,Good Performer,True
E1002166,Research & Development,Manufacturing Director,2,2,Low Performer,True
E1002168,Human Resources,Human Resources,4,3,Good Performer,False
E1002170,Research & Development,Manager R&D,2,2,Low Performer,True
E1002171,Research & Development,Research Scientist,3,3,Good Performer,True
E1002176,Sales,Sales Executive,3,3,Good Performer,True
E1002178,Research & Development,Manager,3,3,Good Performer,True
E1002181,Research & Development,Healthcare Representative,3,3,Good Performer,True
E1002183,Research & Development,Research Scientist,4,4,Excellent Performer,True
E1002185,Research & Development,Manager R&D,2,2,Low Performer,True
E1002186,Sales,Sales Executive,2,3,Good Performer,False
E1002187,Sales,Sales Executive,4,4,Excellent Performer,True
E1002189,Research & Development,Manager R&D,3,3,Good Performer,True
E1002190,Sales,Sales Executive,3,3,Good Performer,True
E1002193,Sales,Sales Executive,3,3,Good Performer,True
E1002194,Research & Development,Laboratory Technician,2,2,Low Performer,True
E1002196,Research & Development,Manager R&D,3,3,Good Performer,True
E1002200,Research & Development,Manager R&D,3,3,Good Performer,True
E1002202,Sales,Sales Executive,3,3,Good Performer,True
E1002205,Sales,Sales Executive,3,3,Good Performer,True
E1002207,Sales,Sales Executive,2,2,Low Performer,True
E1002209,Research & Development,Manager R&D,2,2,Low Performer,True
E1002210,Research & Development,Research Scientist,3,3,Good Performer,True
E1002212,Research & Development,Manager R&D,3,3,Good Performer,True
E1002213,Sales,Sales Executive,3,3,Good Performer,True
E1002215,Research & Development,Manager R&D,3,3,Good Performer,True
E1002216,Sales,Manager,3,3,Good Performer,True
E1002217,Research & Development,Research Scientist,3,3,Good Performer,True
E1002218,Research & Development,Manager R&D,4,4,Excellent Performer,True
E1002219,Research & Development,Manager R&D,2,2,Low Performer,True
E1002221,Sales,Sales Executive,3,3,Good Performer,True
E1002222,Human Resources,Human Resources,3,3,Good Performer,True
E1002223,Sales,Sales Executive,2,3,Good Performer,False
E1002225,Research & Development,Manager R&D,3,3,Good Performer,True
E1002226,Research & Development,Research Scientist,3,3,Good Performer,True
E1002227,Research & Development,Manager R&D,3,3,Good Performer,True
E1002228,Sales,Sales Executive,2,2,Low Performer,True
E1002229,Sales,Sales Executive,3,3,Good Performer,True
E1002230,Research & Development,Laboratory Technician,3,3,Good Performer,True
E1002233,Research & Development,Manager R&D,3,3,Good Performer,True
E1002238,Research & Development,Manager R&D,3,3,Good Performer,True
E1002239,Sales,Sales Representative,3,3,Good Performer,True
E1002240,Sales,Sales Executive,3,3,Good Performer,True
E1002243,Sales,Sales Executive,3,3,Good Performer,True
E1002244,Research & Development,Manager R&D,4,4,Excellent Performer,True
E1002245,Sales,Sales Executive,3,3,Good Performer,True
E1002246,Sales,Sales Executive,2,2,Low Performer,True
E1002247,Research & Development,Research Scientist,2,2,Low Performer,True
E1002248,Research & Development,Manager R&D,4,4,Excellent Performer,True
E1002249,Research & Development,Healthcare Representative,3,3,Good Performer,True
E1002250,Human Resources,Human Resources,3,3,Good Performer,True
E1002251,Human Resources,Manager,3,3,Good Performer,True
E1002252,Research & Development,Manager R&D,3,3,Good Performer,True
E1002253,Sales,Sales Executive,2,2,Low Performer,True
E1002254,Research & Development,Research Scientist,3,3,Good Performer,True
E1002257,Research & Development,Research Director,4,4,Excellent Performer,True
E1002258,Research & Development,Manufacturing Director,3,3,Good Performer,True
E1002259,Research & Development,Healthcare Representative,2,2,Low Performer,True
E1002260,Research & Development,Laboratory Technician,3,3,Good Performer,True
E1002263,Research & Development,Laboratory Technician,3,3,Good Performer,True
E1002264,Sales,Sales Executive,2,2,Low Performer,True
E1002265,Human Resources,Human Resources,3,3,Good Performer,True
E1002267,Research & Development,Laboratory Technician,3,3,Good Performer,True
E1002270,Research & Development,Laboratory Technician,3,3,Good Performer,True
E1002271,Research & Development,Manager R&D,2,2,Low Performer,True
E1002273,Sales,Sales Executive,3,3,Good Performer,True
E1002274,Sales,Sales Representative,2,2,Low Performer,True
E1002276,Research & Development,Research Scientist,3,3,Good Performer,True
E1002277,Research & Development,Research Scientist,4,4,Excellent Performer,True
E1002278,Research & Development,Research Scientist,2,3,Good Performer,False
E1002281,Research & Development,Research Director,3,3,Good Performer,True
E1002285,Research & Development,Research Scientist,3,3,Good Performer,True
E1002286,Research & Development,Research Scientist,3,3,Good Performer,True
E1002287,Research & Development,Healthcare Representative,2,2,Low Performer,True
E1002288,Research & Development,Laboratory Technician,3,3,Good Performer,True
E1002290,Research & Development,Laboratory Technician,3,3,Good Performer,True
E1002291,Sales,Sales Representative,2,2,Low Performer,True
E1002292,Research & Development,Research Scientist,2,2,Low Performer,True
E1002293,Research & Development,Research Director,2,2,Low Performer,True
E1002295,Research & Development,Research Director,4,4,Excellent Performer,True
E1002296,Sales,Sales Executive,3,3,Good Performer,True
E1002297,Sales,Sales Representative,3,3,Good Performer,True
E1002298,Research & Development,Research Scientist,2,2,Low Performer,True
E1002299,Sales,Sales Representative,3,3,Good Performer,True
E1002301,Sales,Sales Representative,3,3,Good Performer,True
E1002302,Sales,Sales Executive,2,2,Low Performer,True
E1002303,Research & Development,Manufacturing Director,3,3,Good Performer,True
E1002304,Research & Development,Healthcare Representative,4,4,Excellent Performer,True
E1002305,Research & Development,Research Scientist,2,2,Low Performer,True
E1002310,Research & Development,Laboratory Technician,2,2,Low Performer,True
E1002312,Research & Development,Manufacturing Director,3,3,Good Performer,True
E1002313,Sales,Sales Executive,4,4,Excellent Performer,True
E1002314,Sales,Sales Executive,4,4,Excellent Performer,True
E1002315,Sales,Sales Executive,3,3,Good Performer,True
E1002316,Research & Development,Research Scientist,3,3,Good Performer,True
E1002318,Human Resources,Human Resources,3,3,Good Performer,True
E1002319,Sales,Sales Executive,2,2,Low Performer,True
E1002322,Sales,Sales Executive,4,4,Excellent Performer,True
E1002323,Sales,Sales Executive,3,3,Good Performer,True
E1002326,Research & Development,Research Scientist,3,3,Good Performer,True
E1002327,Research & Development,Research Scientist,3,3,Good Performer,True
E1002329,Research & Development,Research Scientist,3,3,Good Performer,True
E1002330,Research & Development,Research Scientist,3,3,Good Performer,True
E1002331,Research & Development,Research Scientist,3,3,Good Performer,True
E1002332,Research & Development,Research Scientist,2,2,Low Performer,True
E1002333,Sales,Sales Executive,3,3,Good Performer,True
E1002334,Sales,Sales Executive,2,2,Low Performer,True
E1002335,Research & Development,Manufacturing Director,2,2,Low Performer,True
E1002338,Sales,Sales Representative,3,3,Good Performer,True
E1002340,Research & Development,Healthcare Representative,3,3,Good Performer,True
E1002342,Research & Development,Manufacturing Director,3,3,Good Performer,True
E1002343,Sales,Sales Executive,3,3,Good Performer,True
E1002346,Research & Development,Laboratory Technician,3,3,Good Performer,True
E100279,Sales,Sales Executive,2,2,Low Performer,True
E100285,Development,Developer,2,2,Low Performer,True
E100286,Development,Senior Developer,3,3,Good Performer,True
E100288,Development,Senior Developer,4,4,Excellent Performer,True
E100289,Development,Senior Developer,4,4,Excellent Performer,True
E100291,Development,Senior Developer,3,3,Good Performer,True
E100292,Development,Developer,3,3,Good Performer,True
E100294,Development,Developer,2,2,Low Performer,True
E100296,Development,Senior Developer,2,2,Low Performer,True
E100297,Development,Developer,3,3,Good Performer,True
E100298,Development,Senior Developer,2,2,Low Performer,True
E100300,Development,Senior Developer,3,3,Good Performer,True
E100301,Sales,Manager,2,2,Low Performer,True
E100302,Development,Developer,3,3,Good Performer,True
E100304,Development,Developer,3,3,Good Performer,True
E100306,Development,Developer,3,3,Good Performer,True
E100309,Development,Developer,3,3,Good Performer,True
E100310,Development,Senior Developer,3,3,Good Performer,True
E100311,Development,Senior Developer,3,2,Low Performer,False
E100313,Sales,Sales Executive,3,3,Good Performer,True
E100314,Development,Developer,3,3,Good Performer,True
E100316,Sales,Manager,2,2,Low Performer,True
E100317,Development,Developer,3,3,Good Performer,True
E100318,Development,Technical Architect,3,3,Good Performer,True
E100323,Development,Developer,3,3,Good Performer,True
E100324,Development,Technical Architect,3,3,Good Performer,True
E100325,Sales,Sales Representative,3,3,Good Performer,True
E100327,Sales,Sales Representative,3,3,Good Performer,True
E100329,Development,Developer,3,3,Good Performer,True
E100330,Sales,Sales Executive,3,3,Good Performer,True
E100331,Development,Developer,3,3,Good Performer,True
E100332,Development,Technical Architect,3,3,Good Performer,True
E100333,Development,Technical Architect,3,3,Good Performer,True
E100334,Sales,Sales Executive,3,3,Good Performer,True
E100335,Development,Developer,4,4,Excellent Performer,True
E100338,Sales,Sales Executive,2,2,Low Performer,True
E100339,Development,Developer,4,4,Excellent Performer,True
E100340,Sales,Sales Executive,3,3,Good Performer,True
E100341,Development,Technical Architect,3,3,Good Performer,True
E100342,Development,Developer,3,3,Good Performer,True
E100343,Development,Technical Architect,3,3,Good Performer,True
E100346,Sales,Sales Executive,2,2,Low Performer,True
E100348,Development,Technical Architect,3,3,Good Performer,True
E100350,Sales,Sales Executive,3,3,Good Performer,True
E100351,Development,Developer,2,2,Low Performer,True
E100352,Sales,Sales Executive,2,2,Low Performer,True
E100353,Development,Business Analyst,3,3,Good Performer,True
E100354,Development,Developer,4,4,Excellent Performer,True
E100355,Development,Business Analyst,3,3,Good Performer,True
E100356,Development,Developer,3,4,Excellent Performer,False
E100357,Development,Developer,3,3,Good Performer,True
E100358,Development,Developer,3,3,Good Performer,True
E100359,Sales,Sales Executive,2,2,Low Performer,True
E100361,Development,Business Analyst,3,3,Good Performer,True
E100363,Development,Business Analyst,4,3,Good Performer,False
E100364,Development,Business Analyst,3,3,Good Performer,True
E100366,Development,Developer,3,3,Good Performer,True
E100368,Development,Developer,3,3,Good Performer,True
E100372,Development,Business Analyst,4,4,Excellent Performer,True
E100373,Development,Business Analyst,3,3,Good Performer,True
E100374,Development,Developer,3,3,Good Performer,True
E100375,Development,Developer,3,3,Good Performer,True
E100376,Development,Developer,4,4,Excellent Performer,True
E100378,Sales,Sales Executive,3,3,Good Performer,True
E100381,Human Resources,Human Resources,3,3,Good Performer,True
E100382,Development,Developer,3,3,Good Performer,True
E100383,Development,Business Analyst,3,3,Good Performer,True
E100384,Sales,Sales Executive,3,3,Good Performer,True
E100385,Development,Developer,3,3,Good Performer,True
E100388,Development,Business Analyst,3,2,Low Performer,False
E100391,Sales,Sales Representative,3,3,Good Performer,True
E100395,Development,Developer,3,3,Good Performer,True
E100396,Sales,Sales Executive,3,3,Good Performer,True
E100397,Development,Developer,4,4,Excellent Performer,True
E100398,Sales,Sales Executive,3,4,Excellent Performer,False
E100399,Sales,Sales Executive,3,3,Good Performer,True
E100402,Development,Developer,3,3,Good Performer,True
E100403,Sales,Sales Executive,2,2,Low Performer,True
E100406,Sales,Sales Executive,3,3,Good Performer,True
E100407,Sales,Sales Executive,4,4,Excellent Performer,True
E100409,Sales,Sales Executive,3,3,Good Performer,True
E100410,Development,Developer,3,3,Good Performer,True
E100411,Human Resources,Human Resources,4,4,Excellent Performer,True
E100412,Development,Developer,3,3,Good Performer,True
E100416,Development,Developer,3,3,Good Performer,True
E100417,Development,Business Analyst,3,3,Good Performer,True
E100419,Development,Business Analyst,3,3,Good Performer,True
E100420,Sales,Sales Executive,3,3,Good Performer,True
E100421,Development,Business Analyst,3,3,Good Performer,True
E100422,Development,Developer,3,3,Good Performer,True
E100425,Development,Developer,4,4,Excellent Performer,True
E100426,Human Resources,Manager,3,3,Good Performer,True
E100428,Development,Business Analyst,3,3,Good Performer,True
E100429,Development,Business Analyst,3,3,Good Performer,True
E100430,Sales,Sales Executive,3,3,Good Performer,True
E100431,Development,Business Analyst,3,3,Good Performer,True
E100433,Development,Developer,4,4,Excellent Performer,True
E100436,Sales,Manager,3,3,Good Performer,True
E100438,Sales,Sales Executive,3,3,Good Performer,True
E100440,Development,Developer,3,3,Good Performer,True
E100441,Sales,Sales Executive,2,2,Low Performer,True
E100442,Development,Developer,3,3,Good Performer,True
E100443,Development,Developer,3,3,Good Performer,True
E100445,Sales,Sales Representative,3,3,Good Performer,True
E100447,Development,Developer,3,3,Good Performer,True
E100448,Development,Developer,3,3,Good Performer,True
E100449,Development,Developer,3,3,Good Performer,True
E100452,Sales,Sales Executive,3,3,Good Performer,True
E100453,Sales,Sales Executive,2,2,Low Performer,True
E100454,Sales,Sales Executive,3,3,Good Performer,True
E100455,Human Resources,Human Resources,4,4,Excellent Performer,True
E100456,Development,Developer,3,3,Good Performer,True
E100457,Development,Business Analyst,4,4,Excellent Performer,True
E100461,Sales,Sales Executive,2,2,Low Performer,True
E100462,Human Resources,Human Resources,3,3,Good Performer,True
E100470,Development,Technical Lead,3,3,Good Performer,True
E100471,Development,Developer,4,4,Excellent Performer,True
E100472,Development,Developer,3,3,Good Performer,True
E100475,Development,Developer,3,3,Good Performer,True
E100478,Development,Developer,4,4,Excellent Performer,True
E100479,Development,Technical Lead,3,3,Good Performer,True
E100482,Sales,Sales Executive,3,3,Good Performer,True
E100483,Sales,Sales Representative,2,2,Low Performer,True
E100484,Development,Developer,3,3,Good Performer,True
E100485,Sales,Sales Executive,2,2,Low Performer,True
E100486,Development,Technical Lead,3,3,Good Performer,True
E100492,Development,Technical Lead,4,4,Excellent Performer,True
E100493,Sales,Sales Executive,3,3,Good Performer,True
E100494,Sales,Sales Representative,3,3,Good Performer,True
E100496,Development,Developer,3,3,Good Performer,True
E100499,Development,Developer,3,3,Good Performer,True
E100501,Development,Developer,3,3,Good Performer,True
E100502,Development,Technical Lead,3,3,Good Performer,True
E100504,Development,Technical Lead,3,3,Good Performer,True
E100505,Development,Developer,3,3,Good Performer,True
E100506,Sales,Sales Executive,2,2,Low Performer,True
E100508,Sales,Sales Executive,4,4,Excellent Performer,True
E100509,Development,Developer,4,4,Excellent Performer,True
E100511,Development,Technical Lead,3,3,Good Performer,True
E100513,Sales,Sales Representative,4,4,Excellent Performer,True
E100516,Development,Technical Lead,3,3,Good Performer,True
E100517,Development,Developer,3,3,Good Performer,True
E100518,Sales,Sales Executive,3,3,Good Performer,True
E100519,Development,Developer,3,3,Good Performer,True
E100520,Development,Developer,3,3,Good Performer,True
E100521,Development,Developer,4,4,Excellent Performer,True
E100522,Sales,Sales Executive,2,2,Low Performer,True
E100523,Development,Technical Lead,3,3,Good Performer,True
E100525,Development,Developer,3,3,Good Performer,True
E100526,Sales,Sales Representative,3,3,Good Performer,True
E100527,Development,Developer,3,3,Good Performer,True
E100528,Development,Technical Lead,3,3,Good Performer,True
E100530,Development,Developer,3,3,Good Performer,True
E100531,Development,Developer,3,3,Good Performer,True
E100534,Development,Technical Lead,3,3,Good Performer,True
E100536,Development,Developer,3,3,Good Performer,True
E100537,Development,Developer,3,3,Good Performer,True
E100538,Development,Developer,3,3,Good Performer,True
E100539,Development,Developer,3,3,Good Performer,True
E100540,Development,Technical Lead,3,3,Good Performer,True
E100542,Development,Technical Lead,3,3,Good Performer,True
E100545,Development,Developer,3,3,Good Performer,True
E100547,Development,Developer,3,3,Good Performer,True
E100548,Development,Developer,3,3,Good Performer,True
E100549,Development,Technical Lead,3,3,Good Performer,True
E100551,Development,Technical Lead,3,3,Good Performer,True
E100552,Development,Developer,3,3,Good Performer,True
E100553,Development,Technical Lead,3,3,Good Performer,True
E100555,Development,Developer,3,3,Good Performer,True
E100559,Development,Developer,3,3,Good Performer,True
E100560,Development,Technical Lead,3,3,Good Performer,True
E100561,Sales,Sales Executive,2,2,Low Performer,True
E100562,Development,Technical Lead,3,3,Good Performer,True
E100564,Development,Developer,3,3,Good Performer,True
E100565,Development,Technical Lead,3,3,Good Performer,True
E100569,Sales,Sales Executive,3,3,Good Performer,True
E100571,Sales,Sales Executive,3,3,Good Performer,True
E100574,Data Science,Data Scientist,3,2,Low Performer,False
E100576,Sales,Manager,3,3,Good Performer,True
E100577,Sales,Sales Executive,3,3,Good Performer,True
E100578,Development,Developer,3,3,Good Performer,True
E100580,Sales,Sales Executive,3,3,Good Performer,True
E100581,Sales,Sales Executive,3,3,Good Performer,True
E100582,Development,Technical Lead,3,3,Good Performer,True
E100584,Development,Developer,3,3,Good Performer,True
E100586,Development,Developer,3,3,Good Performer,True
E100589,Sales,Sales Representative,2,2,Low Performer,True
E100590,Sales,Sales Executive,2,2,Low Performer,True
E100592,Sales,Sales Executive,4,3,Good Performer,False
E100593,Development,Developer,3,3,Good Performer,True
E100594,Development,Technical Lead,3,3,Good Performer,True
E100597,Development,Developer,3,3,Good Performer,True
E100599,Human Resources,Human Resources,2,2,Low Performer,True
E100601,Sales,Manager,3,3,Good Performer,True
E100603,Development,Developer,3,3,Good Performer,True
E100605,Sales,Manager,4,4,Excellent Performer,True
E100606,Development,Developer,3,4,Excellent Performer,False
E100607,Sales,Manager,2,2,Low Performer,True
E100609,Development,Developer,3,3,Good Performer,True
E100610,Data Science,Data Scientist,3,3,Good Performer,True
E100611,Sales,Sales Executive,3,3,Good Performer,True
E100612,Data Science,Data Scientist,3,3,Good Performer,True
E100615,Development,Technical Lead,2,2,Low Performer,True
E100616,Development,Developer,3,3,Good Performer,True
E100617,Development,Developer,3,3,Good Performer,True
E100618,Development,Technical Lead,3,3,Good Performer,True
E100619,Development,Technical Lead,4,4,Excellent Performer,True
E100620,Development,Developer,3,3,Good Performer,True
E100621,Development,Developer,4,4,Excellent Performer,True
E100625,Development,Developer,3,3,Good Performer,True
E100627,Sales,Sales Executive,3,3,Good Performer,True
E100628,Development,Developer,3,3,Good Performer,True
E100629,Development,Developer,3,3,Good Performer,True
E100630,Data Science,Data Scientist,2,2,Low Performer,True
E100631,Development,Developer,3,3,Good Performer,True
E100637,Development,Technical Lead,3,3,Good Performer,True
E100639,Sales,Sales Executive,3,3,Good Performer,True
E100640,Development,Developer,3,3,Good Performer,True
E100641,Sales,Manager,3,3,Good Performer,True
E100642,Development,Developer,3,3,Good Performer,True
E100644,Sales,Sales Executive,3,3,Good Performer,True
E100645,Data Science,Data Scientist,4,4,Excellent Performer,True
E100647,Development,Developer,3,3,Good Performer,True
E100650,Development,Technical Lead,3,3,Good Performer,True
E100652,Development,Developer,3,3,Good Performer,True
E100655,Development,Technical Lead,4,4,Excellent Performer,True
E100656,Sales,Sales Executive,4,4,Excellent Performer,True
E100657,Development,Developer,4,4,Excellent Performer,True
E100658,Development,Developer,3,3,Good Performer,True
E100659,Development,Technical Lead,3,3,Good Performer,True
E100660,Sales,Sales Executive,4,2,Low Performer,False
E100662,Data Science,Data Scientist,3,4,Excellent Performer,False
E100663,Development,Developer,2,3,Good Performer,False
E100664,Development,Technical Lead,3,3,Good Performer,True
E100665,Sales,Sales Executive,2,2,Low Performer,True
E100668,Development,Developer,3,3,Good Performer,True
E100669,Development,Technical Lead,3,3,Good Performer,True
E100670,Development,Developer,3,4,Excellent Performer,False
E100671,Development,Developer,3,3,Good Performer,True
E100672,Data Science,Data Scientist,3,3,Good Performer,True
E100673,Development,Technical Lead,4,4,Excellent Performer,True
E100674,Development,Developer,3,3,Good Performer,True
E100677,Sales,Sales Representative,3,3,Good Performer,True
E100679,Sales,Sales Executive,3,3,Good Performer,True
E100681,Development,Developer,2,2,Low Performer,True
E100682,Sales,Sales Executive,3,3,Good Performer,True
E100683,Development,Developer,3,3,Good Performer,True
E100684,Sales,Sales Executive,3,3,Good Performer,True
E100685,Development,Developer,3,3,Good Performer,True
E100686,Development,Technical Lead,3,3,Good Performer,True
E100688,Sales,Manager,3,3,Good Performer,True
E100689,Sales,Sales Representative,3,3,Good Performer,True
E100690,Data Science,Data Scientist,3,3,Good Performer,True
E100695,Development,Technical Lead,3,3,Good Performer,True
E100697,Development,Technical Lead,3,3,Good Performer,True
E100698,Sales,Sales Executive,3,3,Good Performer,True
E100699,Development,Developer,3,3,Good Performer,True
E100701,Development,Developer,3,3,Good Performer,True
E100702,Human Resources,Human Resources,2,2,Low Performer,True
E100703,Development,Technical Lead,3,2,Low Performer,False
E100704,Development,Developer,3,3,Good Performer,True
E100706,Development,Developer,3,3,Good Performer,True
E100707,Development,Developer,3,3,Good Performer,True
E100708,Development,Developer,3,3,Good Performer,True
E100709,Development,Technical Lead,3,3,Good Performer,True
E100712,Development,Technical Lead,3,3,Good Performer,True
E100714,Sales,Sales Executive,3,3,Good Performer,True
E100715,Sales,Sales Executive,3,3,Good Performer,True
E100716,Sales,Sales Executive,3,3,Good Performer,True
E100717,Development,Technical Lead,3,3,Good Performer,True
E100719,Development,Delivery Manager,3,3,Good Performer,True
E100722,Development,Developer,3,3,Good Performer,True
E100723,Sales,Sales Executive,3,3,Good Performer,True
E100724,Sales,Sales Executive,4,4,Excellent Performer,True
E100725,Data Science,Data Scientist,3,3,Good Performer,True
E100727,Sales,Sales Executive,3,3,Good Performer,True
E100729,Development,Delivery Manager,3,3,Good Performer,True
E100730,Development,Developer,3,3,Good Performer,True
E100731,Sales,Sales Executive,3,3,Good Performer,True
E100732,Development,Developer,3,3,Good Performer,True
E100734,Sales,Sales Executive,3,3,Good Performer,True
E100736,Sales,Sales Executive,3,3,Good Performer,True
E100738,Development,Delivery Manager,3,3,Good Performer,True
E100739,Development,Developer,3,3,Good Performer,True
E100740,Development,Delivery Manager,3,3,Good Performer,True
E100741,Sales,Sales Executive,3,3,Good Performer,True
E100742,Development,Delivery Manager,3,3,Good Performer,True
E100744,Development,Developer,3,3,Good Performer,True
E100745,Sales,Sales Representative,3,3,Good Performer,True
E100746,Development,Developer,3,3,Good Performer,True
E100747,Sales,Sales Executive,3,3,Good Performer,True
E100748,Human Resources,Human Resources,3,3,Good Performer,True
E100752,Development,Delivery Manager,3,3,Good Performer,True
E100754,Sales,Sales Executive,3,3,Good Performer,True
E100756,Sales,Sales Representative,2,2,Low Performer,True
E100757,Sales,Sales Executive,3,3,Good Performer,True
E100759,Sales,Sales Executive,2,2,Low Performer,True
E100760,Development,Developer,3,3,Good Performer,True
E100761,Development,Delivery Manager,3,3,Good Performer,True
E100762,Sales,Sales Representative,2,2,Low Performer,True
E100766,Sales,Sales Executive,2,2,Low Performer,True
E100770,Sales,Sales Executive,3,3,Good Performer,True
E100771,Development,Developer,3,3,Good Performer,True
E100772,Sales,Sales Representative,3,3,Good Performer,True
E100773,Development,Delivery Manager,3,3,Good Performer,True
E100774,Development,Developer,3,3,Good Performer,True
E100775,Data Science,Data Scientist,3,3,Good Performer,True
E100776,Sales,Sales Executive,3,3,Good Performer,True
E100777,Development,Delivery Manager,3,3,Good Performer,True
E100778,Sales,Sales Executive,3,3,Good Performer,True
E100779,Development,Developer,3,3,Good Performer,True
E100780,Sales,Sales Executive,3,3,Good Performer,True
E100783,Development,Delivery Manager,3,3,Good Performer,True
E100786,Sales,Sales Representative,3,3,Good Performer,True
E100788,Development,Developer,4,4,Excellent Performer,True
E100789,Development,Developer,3,3,Good Performer,True
E100791,Sales,Sales Executive,2,2,Low Performer,True
E100792,Development,Developer,4,4,Excellent Performer,True
E100793,Development,Delivery Manager,3,3,Good Performer,True
E100794,Sales,Sales Executive,3,3,Good Performer,True
E100796,Development,Delivery Manager,3,3,Good Performer,True
E100798,Development,Developer,2,3,Good Performer,False
E100799,Development,Developer,4,4,Excellent Performer,True
E100800,Development,Developer,3,3,Good Performer,True
E100802,Development,Developer,3,3,Good Performer,True
E100803,Development,Developer,4,4,Excellent Performer,True
E100805,Sales,Sales Executive,2,2,Low Performer,True
E100807,Development,Senior Developer,3,3,Good Performer,True
E100808,Development,Developer,3,3,Good Performer,True
E100809,Development,Senior Developer,2,2,Low Performer,True
E100811,Sales,Sales Executive,2,2,Low Performer,True
E100812,Sales,Sales Executive,3,3,Good Performer,True
E100814,Development,Senior Developer,3,3,Good Performer,True
E100816,Development,Developer,3,3,Good Performer,True
E100821,Development,Developer,3,3,Good Performer,True
E100822,Development,Developer,3,3,Good Performer,True
E100824,Data Science,Data Scientist,3,3,Good Performer,True
E100825,Development,Developer,3,3,Good Performer,True
E100826,Development,Developer,4,4,Excellent Performer,True
E100827,Development,Developer,3,3,Good Performer,True
E100828,Data Science,Data Scientist,3,3,Good Performer,True
E100832,Sales,Sales Representative,3,3,Good Performer,True
E100833,Sales,Sales Representative,3,3,Good Performer,True
E100834,Data Science,Data Scientist,4,4,Excellent Performer,True
E100836,Sales,Manager,3,3,Good Performer,True
E100838,Development,Senior Developer,3,3,Good Performer,True
E100840,Development,Senior Developer,3,3,Good Performer,True
E100842,Development,Developer,3,3,Good Performer,True
E100843,Development,Developer,3,3,Good Performer,True
E100844,Human Resources,Human Resources,3,3,Good Performer,True
E100845,Sales,Sales Executive,3,3,Good Performer,True
E100846,Sales,Manager,3,3,Good Performer,True
E100847,Development,Senior Developer,3,3,Good Performer,True
E100852,Development,Developer,3,3,Good Performer,True
E100853,Development,Senior Developer,3,3,Good Performer,True
E100855,Development,Developer,3,3,Good Performer,True
E100856,Development,Developer,3,3,Good Performer,True
E100857,Development,Senior Developer,3,3,Good Performer,True
E100858,Sales,Sales Executive,3,3,Good Performer,True
E100859,Development,Senior Developer,3,3,Good Performer,True
E100860,Development,Senior Developer,2,2,Low Performer,True
E100862,Development,Developer,3,3,Good Performer,True
E100863,Sales,Sales Representative,3,3,Good Performer,True
E100864,Development,Senior Developer,3,3,Good Performer,True
E100865,Development,Developer,3,3,Good Performer,True
E100868,Human Resources,Human Resources,3,3,Good Performer,True
E100869,Data Science,Data Scientist,3,2,Low Performer,False
E100870,Sales,Sales Executive,2,2,Low Performer,True
E100871,Development,Senior Developer,3,3,Good Performer,True
E100873,Sales,Sales Executive,2,2,Low Performer,True
E100875,Sales,Manager,2,2,Low Performer,True
E100877,Sales,Sales Executive,3,3,Good Performer,True
E100878,Sales,Sales Executive,2,2,Low Performer,True
E100880,Development,Developer,3,3,Good Performer,True
E100882,Sales,Sales Executive,3,3,Good Performer,True
E100883,Development,Developer,4,4,Excellent Performer,True
E100884,Sales,Sales Executive,3,3,Good Performer,True
E100890,Development,Developer,3,3,Good Performer,True
E100891,Sales,Manager,4,4,Excellent Performer,True
E100892,Sales,Sales Representative,3,3,Good Performer,True
E100893,Sales,Sales Executive,3,3,Good Performer,True
E100894,Development,Developer,3,3,Good Performer,True
E100898,Sales,Sales Executive,3,3,Good Performer,True
E100899,Sales,Sales Executive,3,3,Good Performer,True
E100900,Development,Developer,3,3,Good Performer,True
E100901,Development,Developer,4,4,Excellent Performer,True
E100902,Development,Senior Developer,2,2,Low Performer,True
E100903,Sales,Manager,2,2,Low Performer,True
E100908,Development,Developer,3,3,Good Performer,True
E100912,Data Science,Data Scientist,3,3,Good Performer,True
E100913,Development,Developer,3,3,Good Performer,True
E100916,Development,Senior Developer,3,3,Good Performer,True
E100917,Development,Developer,3,3,Good Performer,True
E100919,Sales,Sales Executive,3,2,Low Performer,False
E100921,Development,Developer,4,4,Excellent Performer,True
E100922,Human Resources,Manager,2,2,Low Performer,True
E100923,Sales,Sales Representative,3,3,Good Performer,True
E100925,Development,Senior Developer,2,2,Low Performer,True
E100927,Development,Developer,3,3,Good Performer,True
E100928,Sales,Sales Executive,3,3,Good Performer,True
E100931,Sales,Sales Executive,2,2,Low Performer,True
E100933,Development,Developer,3,3,Good Performer,True
E100934,Sales,Sales Executive,3,3,Good Performer,True
E100937,Development,Developer,3,3,Good Performer,True
E100939,Development,Developer,3,3,Good Performer,True
E100940,Development,Developer,3,3,Good Performer,True
E100941,Development,Senior Developer,3,3,Good Performer,True
E100942,Development,Senior Developer,3,3,Good Performer,True
E100943,Human Resources,Human Resources,3,3,Good Performer,True
E100944,Sales,Sales Representative,3,3,Good Performer,True
E100945,Sales,Sales Representative,3,3,Good Performer,True
E100947,Sales,Sales Representative,3,3,Good Performer,True
E100949,Development,Senior Developer,3,3,Good Performer,True
E100953,Development,Developer,3,3,Good Performer,True
E100957,Development,Developer,3,3,Good Performer,True
E100958,Development,Developer,4,4,Excellent Performer,True
E100961,Development,Senior Developer,3,2,Low Performer,False
E100964,Development,Developer,3,3,Good Performer,True
E100967,Development,Developer,3,3,Good Performer,True
E100968,Sales,Sales Executive,3,3,Good Performer,True
E100969,Development,Senior Developer,3,3,Good Performer,True
E100976,Human Resources,Human Resources,3,3,Good Performer,True
E100977,Development,Developer,3,3,Good Performer,True
E100979,Development,Senior Developer,3,3,Good Performer,True
E100980,Development,Senior Developer,3,3,Good Performer,True
E100983,Development,Developer,4,4,Excellent Performer,True
E100985,Sales,Sales Executive,4,4,Excellent Performer,True
E100987,Sales,Sales Executive,4,4,Excellent Performer,True
E100988,Development,Developer,3,3,Good Performer,True
E100990,Sales,Sales Executive,3,2,Low Performer,False
E100992,Sales,Sales Executive,4,4,Excellent Performer,True
E100993,Development,Senior Developer,3,3,Good Performer,True
E100994,Development,Senior Developer,3,3,Good Performer,True
E100995,Data Science,Data Scientist,3,3,Good Performer,True
E100998,Sales,Sales Executive,2,2,Low Performer,True
